{
  "route_defaults": {
    "Amor propio": "Suaviza tu diálogo interno. Hoy repites: Soy suficiente tal como soy.",
    "Abundancia": "Activa gratitud radical. Hoy repites: La vida me sostiene y provee.",
    "Sanación emocional": "Respira lento. Hoy repites: Libero y me libero con amor.",
    "Propósito / claridad": "Recuerda tu visión. Hoy repites: Camino con enfoque y fe."
  },
  "days": {
    "1": "assets/voice_guides/day_01_intro.mp3",
    "2": "assets/voice_guides/day_02_intro.mp3",
    "3": "assets/voice_guides/day_03_intro.mp3",
    "4": "assets/voice_guides/day_04_intro.mp3",
    "5": "assets/voice_guides/day_05_intro.mp3",
    "6": "assets/voice_guides/day_06_intro.mp3",
    "7": "assets/voice_guides/day_07_intro.mp3",
    "8": "assets/voice_guides/day_08_intro.mp3",
    "9": "assets/voice_guides/day_09_intro.mp3",
    "10": "assets/voice_guides/day_10_intro.mp3",
    "11": "assets/voice_guides/day_11_intro.mp3",
    "12": "assets/voice_guides/day_12_intro.mp3",
    "13": "assets/voice_guides/day_13_intro.mp3",
    "14": "assets/voice_guides/day_14_intro.mp3",
    "15": "assets/voice_guides/day_15_intro.mp3",
    "16": "assets/voice_guides/day_16_intro.mp3",
    "17": "assets/voice_guides/day_17_intro.mp3",
    "18": "assets/voice_guides/day_18_intro.mp3",
    "19": "assets/voice_guides/day_19_intro.mp3",
    "20": "assets/voice_guides/day_20_intro.mp3",
    "21": "assets/voice_guides/day_21_intro.mp3"
  }
}